<?xml version="1.0" encoding="UTF-8"?>
<project xmlns="http://www.netbeans.org/ns/project/1">
    <type>com.microchip.mplab.nbide.embedded.makeproject</type>
    <configuration>
        <data xmlns="http://www.netbeans.org/ns/make-project/1">
            <name>kohzu-ctrl-compati-v3</name>
            <name>kohzu-ctrl-compati</name>
            <name>solder-feeder-ctrl</name>
            <name>kohzu-motor-ctrl-compati</name>
            <name>m-ctrl</name>
            <name>encoderctrl</name>
            <name>LaserPlsMotorCtrl</name>
            <creation-uuid>56cd5294-fe5c-4442-b1cc-2eda52e8ce9e</creation-uuid>
            <make-project-type>0</make-project-type>
            <c-extensions>c</c-extensions>
            <cpp-extensions/>
            <header-extensions>h</header-extensions>
            <asminc-extensions/>
            <sourceEncoding>Shift_JIS</sourceEncoding>
            <make-dep-projects/>
            <sourceRootList>
                <sourceRootElem>.</sourceRootElem>
            </sourceRootList>
            <confList>
                <confElem>
                    <name>default</name>
                    <type>2</type>
                </confElem>
            </confList>
            <formatting>
                <project-formatting-style>false</project-formatting-style>
            </formatting>
        </data>
    </configuration>
</project>
